-- docs/业务需求/seed.sql
--
-- 用途：为 docs/业务需求/knowledge-base/ 下已补的 11 个 draft_sql 模板提供一套最小可回归测试数据。
-- 方言：TiDB / MySQL 8
--
-- 推荐验证参数：
--   tenant_plat_id = 990001
--   主测试渠道    = 990011
--   对照渠道      = 990012
--   start_date    = '2026-04-01'
--   end_date      = '2026-04-07'
--   cohort_start  = '2026-04-01'
--   cohort_end    = '2026-04-03'
--   top_n         = 3
--   n_days        = 7
--   period_days   = 7
--
-- 覆盖模板：T01/T02/T03/T04/T06/T08/T09/T10/T11/T12/T13
-- 不覆盖：T05/T07/T14/T15（仍缺外部数据源或 SQL 化模型）

START TRANSACTION;

-- ============================================================
-- 0. 清理旧测试数据（幂等）
-- ============================================================

DELETE FROM dwd_order_vip_award
WHERE tenant_plat_id = 990001
  AND player_id IN (990101, 990102, 990103, 990104, 990105, 990106, 990107);

DELETE FROM dwd_order_lottery
WHERE tenant_plat_id = 990001
  AND player_id IN (990101, 990102, 990103, 990104, 990105, 990106, 990107);

DELETE FROM dwd_order_add_or_sub
WHERE tenant_plat_id = 990001
  AND player_id IN (990101, 990102, 990103, 990104, 990105, 990106, 990107);

DELETE FROM dwd_order_promote_activity
WHERE tenant_plat_id = 990001
  AND player_id IN (990101, 990102, 990103, 990104, 990105, 990106, 990107);

DELETE FROM dwd_order_activity
WHERE tenant_plat_id = 990001
  AND player_id IN (990101, 990102, 990103, 990104, 990105, 990106, 990107);

DELETE FROM dwd_order_task
WHERE tenant_plat_id = 990001
  AND player_id IN (990101, 990102, 990103, 990104, 990105, 990106, 990107);

DELETE FROM dwd_order_rebate
WHERE tenant_plat_id = 990001
  AND player_id IN (990101, 990102, 990103, 990104, 990105, 990106, 990107);

DELETE FROM bds_bet_order_detail
WHERE tenant_plat_id = 990001
  AND player_id IN (990101, 990102, 990103, 990104, 990105, 990106, 990107);

DELETE FROM dwd_bet_order
WHERE tenant_plat_id = 990001
  AND player_id IN (990101, 990102, 990103, 990104, 990105, 990106, 990107);

DELETE FROM dwd_order_withdrawal
WHERE tenant_plat_id = 990001
  AND player_id IN (990101, 990102, 990103, 990104, 990105, 990106, 990107);

DELETE FROM dwd_order_deposit
WHERE tenant_plat_id = 990001
  AND player_id IN (990101, 990102, 990103, 990104, 990105, 990106, 990107);

DELETE FROM dwd_player_login_log
WHERE tenant_plat_id = 990001
  AND player_id IN (990101, 990102, 990103, 990104, 990105, 990106, 990107);

DELETE FROM dim_player
WHERE tenant_plat_id = 990001
  AND id IN (990101, 990102, 990103, 990104, 990105, 990106, 990107);

DELETE FROM report_channel_data_percent_config
WHERE id = 990021
   OR channel_id IN (990011, 990012);

DELETE FROM channel
WHERE id IN (990011, 990012);

DELETE FROM game_line
WHERE id IN (990051, 990052, 990053);

DELETE FROM game_line_series
WHERE id IN (990041);

DELETE FROM game_type
WHERE id IN (990031, 990032, 990033);

DELETE FROM tenant_plat
WHERE id IN (990001);

-- ============================================================
-- 1. 维表：平台 / 渠道 / 折扣配置 / 游戏维度
-- ============================================================

INSERT INTO tenant_plat (
    id, create_time, modify_time, version, deleted,
    creator_id, creator_username,
    name, status, enabled, tenant_id,
    submitter_id, submitter_username, submit_time,
    auditor_id, auditor_username, audit_time,
    remark, type
) VALUES (
    990001, '2026-03-25 10:00:00.000000', '2026-03-25 10:00:00.000000', 1, 0,
    980001, 'kb_admin',
    'KB_TEST_P1', 3, 1, 980001,
    980001, 'kb_admin', '2026-03-25 10:10:00.000000',
    980002, 'kb_auditor', '2026-03-25 10:20:00.000000',
    'Knowledge-base seed platform', 1
);

INSERT INTO channel (
    id, create_time, modify_time, version, deleted,
    creator_id, creator_username,
    tenant_id, tenant_plat_id, name, status,
    channel_partner_id, channel_partner_username,
    rate_agent_id, rate_agent_username,
    by_domain, remark,
    submitter_id, submitter_username, submit_time,
    auditor_id, auditor_username, audit_time
) VALUES
(
    990011, '2026-03-26 09:00:00.000000', '2026-03-26 09:00:00.000000', 1, 0,
    980001, 'kb_admin',
    980001, 990001, 'KB主渠道A', 3,
    980021, 'partner_a',
    980031, 'rate_a',
    0, 'Main channel for KB seed',
    980001, 'kb_admin', '2026-03-26 09:05:00.000000',
    980002, 'kb_auditor', '2026-03-26 09:10:00.000000'
),
(
    990012, '2026-03-26 09:30:00.000000', '2026-03-26 09:30:00.000000', 1, 0,
    980001, 'kb_admin',
    980001, 990001, 'KB对照渠道B', 3,
    980022, 'partner_b',
    980032, 'rate_b',
    0, 'Control channel for KB seed',
    980001, 'kb_admin', '2026-03-26 09:35:00.000000',
    980002, 'kb_auditor', '2026-03-26 09:40:00.000000'
);

INSERT INTO report_channel_data_percent_config (
    id, create_time, modify_time, version, deleted,
    modifier_id, modifier_username,
    tenant_id, tenant_plat_id, channel_id, percent
) VALUES (
    990021, '2026-03-27 08:00:00.000000', '2026-03-27 08:00:00.000000', 1, 0,
    980001, 'kb_admin',
    980001, 990001, 990011, 90.0000
);

INSERT INTO game_type (
    id, create_time, modify_time, version, deleted, name, electronic
) VALUES
(990031, '2026-03-28 10:00:00.000000', '2026-03-28 10:00:00.000000', 1, 0, '电子', 1),
(990032, '2026-03-28 10:00:00.000000', '2026-03-28 10:00:00.000000', 1, 0, '体育', 0),
(990033, '2026-03-28 10:00:00.000000', '2026-03-28 10:00:00.000000', 1, 0, '棋牌', 0);

INSERT INTO game_line_series (
    id, create_time, modify_time, version, deleted, series_name
) VALUES (
    990041, '2026-03-28 10:30:00.000000', '2026-03-28 10:30:00.000000', 1, 0, 'KB测试系列'
);

INSERT INTO game_line (
    id, create_time, modify_time, version, deleted,
    modifier_id, modifier_username,
    name, code, enabled,
    game_line_series_id, game_line_series_name,
    manage_url, game_plat_pre,
    h5_support, pc_support, h5_open, pc_open,
    third_lobby, ch_name, screen_flag, show_style, sort, support_iframe, transfer_flag
) VALUES
(
    990051, '2026-03-28 11:00:00.000000', '2026-03-28 11:00:00.000000', 1, 0,
    980001, 'kb_admin',
    '电子线路', 'KB-ELEC', 1,
    990041, 'KB测试系列',
    'https://kb.example/elec', 'KB',
    1, 1, 1, 1,
    0, '电子线路', 1, 2, 1, 1, 1
),
(
    990052, '2026-03-28 11:05:00.000000', '2026-03-28 11:05:00.000000', 1, 0,
    980001, 'kb_admin',
    '体育线路', 'KB-SPORT', 1,
    990041, 'KB测试系列',
    'https://kb.example/sport', 'KB',
    1, 1, 1, 1,
    0, '体育线路', 1, 2, 2, 1, 1
),
(
    990053, '2026-03-28 11:10:00.000000', '2026-03-28 11:10:00.000000', 1, 0,
    980001, 'kb_admin',
    '棋牌线路', 'KB-CHESS', 1,
    990041, 'KB测试系列',
    'https://kb.example/chess', 'KB',
    1, 1, 1, 1,
    0, '棋牌线路', 1, 2, 3, 1, 1
);

-- ============================================================
-- 2. 玩家维度
-- ============================================================

INSERT INTO dim_player (
    id, create_time, modify_time, version, deleted,
    tenant_id, tenant_plat_id, vip_id,
    username, real_name, mobile,
    regist_device, regist_ip, regist_address,
    channel_id, follower_id,
    email, wechat,
    agentable, rate_agent_id, rebate_agent_id, channel_partner_id,
    sex, birthday, mobile_checked, enabled,
    device_key, first_auto_regist, mobile_area_code,
    checked_time, type, agent_time,
    regist_domain, s_create_time, mobile_attribution,
    password, speed_transfer_type, link_id, premium_show_flag, agent_level, limit_value
) VALUES
(990101, '2026-04-01 09:00:00.000000', '2026-04-01 09:00:00.000000', 0, 0, 980001, 990001, 1, 'kb_p01', 'Player 01', '13800000001', 2, '10.0.0.1', 'Shanghai', 990011, 0, 'p01@example.com', 'kbwx01', 0, 980031, 0, 980021, 1, 0, 1, 1, 'dev-p01', 0, '+86', '2026-04-01 09:01:00.000000', 1, '1970-01-01 08:00:00.000000', 'kb-a.example.com', '2026-04-01 09:00:00', 'Shanghai', '***', 1, NULL, 1, NULL, NULL),
(990102, '2026-03-31 20:00:00.000000', '2026-03-31 20:00:00.000000', 0, 0, 980001, 990001, 1, 'kb_p02', 'Player 02', '13800000002', 1, '10.0.0.2', 'Shanghai', 990011, 0, 'p02@example.com', 'kbwx02', 0, 980031, 0, 980021, 1, 0, 1, 1, 'dev-p02', 0, '+86', '2026-03-31 20:01:00.000000', 1, '1970-01-01 08:00:00.000000', 'kb-a.example.com', '2026-03-31 20:00:00', 'Shanghai', '***', 1, NULL, 1, NULL, NULL),
(990103, '2026-04-02 09:30:00.000000', '2026-04-02 09:30:00.000000', 0, 0, 980001, 990001, 2, 'kb_p03', 'Player 03', '13800000003', 2, '10.0.0.3', 'Shanghai', 990011, 0, 'p03@example.com', 'kbwx03', 0, 980031, 0, 980021, 1, 0, 1, 1, 'dev-p03', 0, '+86', '2026-04-02 09:31:00.000000', 1, '1970-01-01 08:00:00.000000', 'kb-a.example.com', '2026-04-02 09:30:00', 'Shanghai', '***', 1, NULL, 1, NULL, NULL),
(990104, '2026-04-02 10:00:00.000000', '2026-04-02 10:00:00.000000', 0, 0, 980001, 990001, 3, 'kb_p04', 'Player 04', '13800000004', 1, '10.0.0.4', 'Shanghai', 990011, 0, 'p04@example.com', 'kbwx04', 0, 980031, 0, 980021, 1, 0, 1, 1, 'dev-p04', 0, '+86', '2026-04-02 10:01:00.000000', 1, '1970-01-01 08:00:00.000000', 'kb-a.example.com', '2026-04-02 10:00:00', 'Shanghai', '***', 1, NULL, 1, NULL, NULL),
(990105, '2026-04-03 11:00:00.000000', '2026-04-03 11:00:00.000000', 0, 0, 980001, 990001, 1, 'kb_p05', 'Player 05', '13800000005', 2, '10.0.0.5', 'Shanghai', 990011, 0, 'p05@example.com', 'kbwx05', 0, 980031, 0, 980021, 1, 0, 1, 1, 'dev-p05', 0, '+86', '2026-04-03 11:01:00.000000', 1, '1970-01-01 08:00:00.000000', 'kb-a.example.com', '2026-04-03 11:00:00', 'Shanghai', '***', 1, NULL, 1, NULL, NULL),
(990106, '2026-04-01 15:00:00.000000', '2026-04-01 15:00:00.000000', 0, 0, 980001, 990001, 0, 'kb_p06', 'Player 06', '13800000006', 1, '10.0.0.6', 'Shanghai', 990011, 0, 'p06@example.com', 'kbwx06', 0, 980031, 0, 980021, 1, 0, 1, 1, 'dev-p06', 0, '+86', '2026-04-01 15:01:00.000000', 1, '1970-01-01 08:00:00.000000', 'kb-a.example.com', '2026-04-01 15:00:00', 'Shanghai', '***', 1, NULL, 1, NULL, NULL),
(990107, '2026-04-01 10:00:00.000000', '2026-04-01 10:00:00.000000', 0, 0, 980001, 990001, 1, 'kb_p07', 'Player 07', '13800000007', 2, '10.0.0.7', 'Beijing', 990012, 0, 'p07@example.com', 'kbwx07', 0, 980032, 0, 980022, 1, 0, 1, 1, 'dev-p07', 0, '+86', '2026-04-01 10:01:00.000000', 1, '1970-01-01 08:00:00.000000', 'kb-b.example.com', '2026-04-01 10:00:00', 'Beijing', '***', 1, NULL, 1, NULL, NULL);

-- ============================================================
-- 3. 登录日志（含重复登录和自动登录噪声）
-- ============================================================

INSERT INTO dwd_player_login_log (
    id, create_time, modify_time, version, deleted,
    tenant_id, tenant_plat_id,
    player_id, player_username,
    ip, device, address,
    channel_id, category, interval_time,
    device_key, login_channel_id, login_domain, s_create_time
) VALUES
(991001, '2026-04-01 09:05:00.000000', '2026-04-01 09:05:00.000000', 0, 0, 980001, 990001, 990101, 'kb_p01', '10.0.0.1', 1, 'Shanghai', 990011, 1, 0, 'dev-p01', 990011, 'kb-a.example.com', '2026-04-01 09:05:00.000000'),
(991002, '2026-04-01 20:05:00.000000', '2026-04-01 20:05:00.000000', 0, 0, 980001, 990001, 990101, 'kb_p01', '10.0.0.1', 1, 'Shanghai', 990011, 1, 39600, 'dev-p01', 990011, 'kb-a.example.com', '2026-04-01 20:05:00.000000'),
(991003, '2026-04-01 20:10:00.000000', '2026-04-01 20:10:00.000000', 0, 0, 980001, 990001, 990101, 'kb_p01', '10.0.0.1', 1, 'Shanghai', 990011, 2, 300, 'dev-p01', 990011, 'kb-a.example.com', '2026-04-01 20:10:00.000000'),
(991004, '2026-04-01 10:30:00.000000', '2026-04-01 10:30:00.000000', 0, 0, 980001, 990001, 990102, 'kb_p02', '10.0.0.2', 2, 'Shanghai', 990011, 1, 0, 'dev-p02', 990011, 'kb-a.example.com', '2026-04-01 10:30:00.000000'),
(991005, '2026-04-02 08:50:00.000000', '2026-04-02 08:50:00.000000', 0, 0, 980001, 990001, 990101, 'kb_p01', '10.0.0.1', 1, 'Shanghai', 990011, 1, 45900, 'dev-p01', 990011, 'kb-a.example.com', '2026-04-02 08:50:00.000000'),
(991006, '2026-04-02 10:00:00.000000', '2026-04-02 10:00:00.000000', 0, 0, 980001, 990001, 990103, 'kb_p03', '10.0.0.3', 2, 'Shanghai', 990011, 1, 0, 'dev-p03', 990011, 'kb-a.example.com', '2026-04-02 10:00:00.000000'),
(991007, '2026-04-02 10:30:00.000000', '2026-04-02 10:30:00.000000', 0, 0, 980001, 990001, 990104, 'kb_p04', '10.0.0.4', 1, 'Shanghai', 990011, 1, 0, 'dev-p04', 990011, 'kb-a.example.com', '2026-04-02 10:30:00.000000'),
(991008, '2026-04-03 11:10:00.000000', '2026-04-03 11:10:00.000000', 0, 0, 980001, 990001, 990105, 'kb_p05', '10.0.0.5', 2, 'Shanghai', 990011, 1, 0, 'dev-p05', 990011, 'kb-a.example.com', '2026-04-03 11:10:00.000000'),
(991009, '2026-04-01 15:10:00.000000', '2026-04-01 15:10:00.000000', 0, 0, 980001, 990001, 990106, 'kb_p06', '10.0.0.6', 1, 'Shanghai', 990011, 1, 0, 'dev-p06', 990011, 'kb-a.example.com', '2026-04-01 15:10:00.000000'),
(991010, '2026-04-03 09:00:00.000000', '2026-04-03 09:00:00.000000', 0, 0, 980001, 990001, 990106, 'kb_p06', '10.0.0.6', 1, 'Shanghai', 990011, 1, 0, 'dev-p06', 990011, 'kb-a.example.com', '2026-04-03 09:00:00.000000'),
(991011, '2026-04-03 13:00:00.000000', '2026-04-03 13:00:00.000000', 0, 0, 980001, 990001, 990102, 'kb_p02', '10.0.0.2', 2, 'Shanghai', 990011, 1, 0, 'dev-p02', 990011, 'kb-a.example.com', '2026-04-03 13:00:00.000000'),
(991012, '2026-04-01 10:20:00.000000', '2026-04-01 10:20:00.000000', 0, 0, 980001, 990001, 990107, 'kb_p07', '10.0.0.7', 2, 'Beijing', 990012, 1, 0, 'dev-p07', 990012, 'kb-b.example.com', '2026-04-01 10:20:00.000000');

-- ============================================================
-- 4. 充值（含一条失败噪声记录）
-- ============================================================

INSERT INTO dwd_order_deposit (
    id, create_time, modify_time, version, deleted,
    tenant_id, tenant_plat_id,
    player_id, player_username,
    status, amount, channel_id,
    pay_type_id, pay_mode_id, third_order_no, third_trade_date,
    actual_amount, device, finished_time, remark,
    bank_transfer_id, times, callback_time,
    operate_remark, amount_before, amount_after,
    regist_time, pay_account_change_log_id,
    ip, pay_type_group_name, pay_acct_name, pay_acct_no, pay_bank_name,
    s_create_time, vip_id
) VALUES
(992001, '2026-04-01 10:00:00.000000', '2026-04-01 10:00:00.000000', 0, 0, 980001, 990001, 990101, 'kb_p01', 2, 10.0000, 990011, 1, 1, 'DEP-992001', '2026-04-01', 10.0000, 2, '2026-04-01 10:00:00.000000', 'P01 首充', 0, 1, '2026-04-01 10:00:00.000000', 'seed', 0.0000, 10.0000, '2026-04-01 09:00:00.000000', 0, '10.0.0.1', 'bank', 'acct', '6222000000000001', 'KB Bank', '2026-04-01 10:00:00', 1),
(992002, '2026-04-02 10:00:00.000000', '2026-04-02 10:00:00.000000', 0, 0, 980001, 990001, 990101, 'kb_p01', 2, 30.0000, 990011, 1, 1, 'DEP-992002', '2026-04-02', 30.0000, 2, '2026-04-02 10:00:00.000000', 'P01 二充', 0, 2, '2026-04-02 10:00:00.000000', 'seed', 10.0000, 40.0000, '2026-04-01 09:00:00.000000', 0, '10.0.0.1', 'bank', 'acct', '6222000000000001', 'KB Bank', '2026-04-02 10:00:00', 1),
(992003, '2026-04-03 10:00:00.000000', '2026-04-03 10:00:00.000000', 0, 0, 980001, 990001, 990101, 'kb_p01', 2, 50.0000, 990011, 1, 1, 'DEP-992003', '2026-04-03', 50.0000, 2, '2026-04-03 10:00:00.000000', 'P01 三充', 0, 3, '2026-04-03 10:00:00.000000', 'seed', 40.0000, 90.0000, '2026-04-01 09:00:00.000000', 0, '10.0.0.1', 'bank', 'acct', '6222000000000001', 'KB Bank', '2026-04-03 10:00:00', 1),
(992004, '2026-04-04 10:00:00.000000', '2026-04-04 10:00:00.000000', 0, 0, 980001, 990001, 990101, 'kb_p01', 2, 100.0000, 990011, 1, 1, 'DEP-992004', '2026-04-04', 100.0000, 2, '2026-04-04 10:00:00.000000', 'P01 四充', 0, 4, '2026-04-04 10:00:00.000000', 'seed', 90.0000, 190.0000, '2026-04-01 09:00:00.000000', 0, '10.0.0.1', 'bank', 'acct', '6222000000000001', 'KB Bank', '2026-04-04 10:00:00', 1),
(992005, '2026-04-05 10:00:00.000000', '2026-04-05 10:00:00.000000', 0, 0, 980001, 990001, 990101, 'kb_p01', 2, 200.0000, 990011, 1, 1, 'DEP-992005', '2026-04-05', 200.0000, 2, '2026-04-05 10:00:00.000000', 'P01 五充', 0, 5, '2026-04-05 10:00:00.000000', 'seed', 190.0000, 390.0000, '2026-04-01 09:00:00.000000', 0, '10.0.0.1', 'bank', 'acct', '6222000000000001', 'KB Bank', '2026-04-05 10:00:00', 1),
(992006, '2026-04-06 10:00:00.000000', '2026-04-06 10:00:00.000000', 0, 0, 980001, 990001, 990101, 'kb_p01', 2, 300.0000, 990011, 1, 1, 'DEP-992006', '2026-04-06', 300.0000, 2, '2026-04-06 10:00:00.000000', 'P01 六充', 0, 6, '2026-04-06 10:00:00.000000', 'seed', 390.0000, 690.0000, '2026-04-01 09:00:00.000000', 0, '10.0.0.1', 'bank', 'acct', '6222000000000001', 'KB Bank', '2026-04-06 10:00:00', 1),
(992007, '2026-04-01 12:00:00.000000', '2026-04-01 12:00:00.000000', 0, 0, 980001, 990001, 990102, 'kb_p02', 2, 20.0000, 990011, 1, 1, 'DEP-992007', '2026-04-01', 20.0000, 1, '2026-04-01 12:00:00.000000', 'P02 首充', 0, 1, '2026-04-01 12:00:00.000000', 'seed', 0.0000, 20.0000, '2026-03-31 20:00:00.000000', 0, '10.0.0.2', 'bank', 'acct', '6222000000000002', 'KB Bank', '2026-04-01 12:00:00', 1),
(992008, '2026-04-03 12:00:00.000000', '2026-04-03 12:00:00.000000', 0, 0, 980001, 990001, 990102, 'kb_p02', 2, 100.0000, 990011, 1, 1, 'DEP-992008', '2026-04-03', 100.0000, 1, '2026-04-03 12:00:00.000000', 'P02 二充', 0, 2, '2026-04-03 12:00:00.000000', 'seed', 20.0000, 120.0000, '2026-03-31 20:00:00.000000', 0, '10.0.0.2', 'bank', 'acct', '6222000000000002', 'KB Bank', '2026-04-03 12:00:00', 1),
(992009, '2026-04-05 12:00:00.000000', '2026-04-05 12:00:00.000000', 0, 0, 980001, 990001, 990102, 'kb_p02', 2, 200.0000, 990011, 1, 1, 'DEP-992009', '2026-04-05', 200.0000, 1, '2026-04-05 12:00:00.000000', 'P02 三充', 0, 3, '2026-04-05 12:00:00.000000', 'seed', 120.0000, 320.0000, '2026-03-31 20:00:00.000000', 0, '10.0.0.2', 'bank', 'acct', '6222000000000002', 'KB Bank', '2026-04-05 12:00:00', 1),
(992010, '2026-04-02 14:00:00.000000', '2026-04-02 14:00:00.000000', 0, 0, 980001, 990001, 990103, 'kb_p03', 2, 50.0000, 990011, 1, 1, 'DEP-992010', '2026-04-02', 50.0000, 2, '2026-04-02 14:00:00.000000', 'P03 首充', 0, 1, '2026-04-02 14:00:00.000000', 'seed', 0.0000, 50.0000, '2026-04-02 09:30:00.000000', 0, '10.0.0.3', 'bank', 'acct', '6222000000000003', 'KB Bank', '2026-04-02 14:00:00', 2),
(992011, '2026-04-06 14:00:00.000000', '2026-04-06 14:00:00.000000', 0, 0, 980001, 990001, 990103, 'kb_p03', 2, 100.0000, 990011, 1, 1, 'DEP-992011', '2026-04-06', 100.0000, 2, '2026-04-06 14:00:00.000000', 'P03 二充', 0, 2, '2026-04-06 14:00:00.000000', 'seed', 50.0000, 150.0000, '2026-04-02 09:30:00.000000', 0, '10.0.0.3', 'bank', 'acct', '6222000000000003', 'KB Bank', '2026-04-06 14:00:00', 2),
(992012, '2026-04-02 16:00:00.000000', '2026-04-02 16:00:00.000000', 0, 0, 980001, 990001, 990104, 'kb_p04', 2, 2000.0000, 990011, 1, 1, 'DEP-992012', '2026-04-02', 2000.0000, 1, '2026-04-02 16:00:00.000000', 'P04 首充', 0, 1, '2026-04-02 16:00:00.000000', 'seed', 0.0000, 2000.0000, '2026-04-02 10:00:00.000000', 0, '10.0.0.4', 'bank', 'acct', '6222000000000004', 'KB Bank', '2026-04-02 16:00:00', 3),
(992013, '2026-04-03 16:00:00.000000', '2026-04-03 16:00:00.000000', 0, 0, 980001, 990001, 990105, 'kb_p05', 2, 88.0000, 990011, 1, 1, 'DEP-992013', '2026-04-03', 88.0000, 2, '2026-04-03 16:00:00.000000', 'P05 首充', 0, 1, '2026-04-03 16:00:00.000000', 'seed', 0.0000, 88.0000, '2026-04-03 11:00:00.000000', 0, '10.0.0.5', 'bank', 'acct', '6222000000000005', 'KB Bank', '2026-04-03 16:00:00', 1),
(992014, '2026-04-01 11:00:00.000000', '2026-04-01 11:00:00.000000', 0, 0, 980001, 990001, 990107, 'kb_p07', 2, 100.0000, 990012, 1, 1, 'DEP-992014', '2026-04-01', 100.0000, 2, '2026-04-01 11:00:00.000000', 'P07 首充', 0, 1, '2026-04-01 11:00:00.000000', 'seed', 0.0000, 100.0000, '2026-04-01 10:00:00.000000', 0, '10.0.0.7', 'bank', 'acct', '6222000000000007', 'KB Bank', '2026-04-01 11:00:00', 1),
(992015, '2026-04-02 11:00:00.000000', '2026-04-02 11:00:00.000000', 0, 0, 980001, 990001, 990107, 'kb_p07', 2, 100.0000, 990012, 1, 1, 'DEP-992015', '2026-04-02', 100.0000, 2, '2026-04-02 11:00:00.000000', 'P07 二充', 0, 2, '2026-04-02 11:00:00.000000', 'seed', 100.0000, 200.0000, '2026-04-01 10:00:00.000000', 0, '10.0.0.7', 'bank', 'acct', '6222000000000007', 'KB Bank', '2026-04-02 11:00:00', 1),
(992016, '2026-04-02 18:00:00.000000', '2026-04-02 18:00:00.000000', 0, 0, 980001, 990001, 990106, 'kb_p06', 3, 66.0000, 990011, 1, 1, 'DEP-992016', '2026-04-02', 66.0000, 1, '2026-04-02 18:00:00.000000', 'P06 失败充值噪声', 0, 1, '2026-04-02 18:00:00.000000', 'noise', 0.0000, 0.0000, '2026-04-01 15:00:00.000000', 0, '10.0.0.6', 'bank', 'acct', '6222000000000006', 'KB Bank', '2026-04-02 18:00:00', 0);

-- ============================================================
-- 5. 提款
-- ============================================================

INSERT INTO dwd_order_withdrawal (
    id, create_time, modify_time, version, deleted,
    auditor_id, tenant_id, tenant_plat_id,
    player_id, player_username,
    status, amount, channel_id,
    account_name, account_no, bank_name, bank_province, bank_city, bank_address,
    third_order_no, third_trade_date, follower_id,
    finished_time, remark, times, device,
    callback_time, callback_remark,
    audit_time, audit_remark, operate_remark,
    amount_before, amount_after,
    ip, pay_account_change_log_id, pay_mode_id, withdrawal_type_id,
    receive_time, split_flag, main_order_no, fee_amount, act_amount,
    audit_step, audit_times, audit_amount, risk_status, order_risk_type,
    withdrawal_type, s_create_time
) VALUES
(993001, '2026-04-03 18:00:00.000000', '2026-04-03 18:00:00.000000', 0, 0, 980002, 980001, 990001, 990101, 'kb_p01', 3, 40.0000, 990011, 'P01', '62170001', 'KB Bank', 'Shanghai', 'Shanghai', 'Pudong', 'WD-993001', '2026-04-03', 0, '2026-04-03 18:00:00.000000', 'P01 提款', 1, 2, '2026-04-03 18:00:00.000000', 'success', '2026-04-03 18:00:00.000000', 'pass', 'seed', 690.0000, 650.0000, '10.0.0.1', 0, 1, 1, '2026-04-03 18:00:00.000000', 0, 0, 0.0000, 40.0000, 1, 1, 40.0000, 0, 0, 1, '2026-04-03 18:00:00'),
(993002, '2026-04-04 18:00:00.000000', '2026-04-04 18:00:00.000000', 0, 0, 980002, 980001, 990001, 990102, 'kb_p02', 3, 20.0000, 990011, 'P02', '62170002', 'KB Bank', 'Shanghai', 'Shanghai', 'Minhang', 'WD-993002', '2026-04-04', 0, '2026-04-04 18:00:00.000000', 'P02 提款', 1, 1, '2026-04-04 18:00:00.000000', 'success', '2026-04-04 18:00:00.000000', 'pass', 'seed', 320.0000, 300.0000, '10.0.0.2', 0, 1, 1, '2026-04-04 18:00:00.000000', 0, 0, 0.0000, 20.0000, 1, 1, 20.0000, 0, 0, 1, '2026-04-04 18:00:00'),
(993003, '2026-04-05 18:00:00.000000', '2026-04-05 18:00:00.000000', 0, 0, 980002, 980001, 990001, 990104, 'kb_p04', 3, 100.0000, 990011, 'P04', '62170004', 'KB Bank', 'Shanghai', 'Shanghai', 'Jingan', 'WD-993003', '2026-04-05', 0, '2026-04-05 18:00:00.000000', 'P04 提款', 1, 1, '2026-04-05 18:00:00.000000', 'success', '2026-04-05 18:00:00.000000', 'pass', 'seed', 2000.0000, 1900.0000, '10.0.0.4', 0, 1, 1, '2026-04-05 18:00:00.000000', 0, 0, 0.0000, 100.0000, 1, 1, 100.0000, 0, 0, 1, '2026-04-05 18:00:00'),
(993004, '2026-04-03 18:00:00.000000', '2026-04-03 18:00:00.000000', 0, 0, 980002, 980001, 990001, 990107, 'kb_p07', 3, 10.0000, 990012, 'P07', '62170007', 'KB Bank', 'Beijing', 'Beijing', 'Haidian', 'WD-993004', '2026-04-03', 0, '2026-04-03 18:00:00.000000', 'P07 提款', 1, 2, '2026-04-03 18:00:00.000000', 'success', '2026-04-03 18:00:00.000000', 'pass', 'seed', 200.0000, 190.0000, '10.0.0.7', 0, 1, 1, '2026-04-03 18:00:00.000000', 0, 0, 0.0000, 10.0000, 1, 1, 10.0000, 0, 0, 1, '2026-04-03 18:00:00');

-- ============================================================
-- 6. 投注主表（决定 TOP3 排名、投充比、杀率、累计收入）
-- ============================================================

INSERT INTO dwd_bet_order (
    id, create_time, modify_time, version, deleted,
    bet_time, settle_time,
    tenant_id, tenant_plat_id,
    player_id, game_id, game_name,
    game_line_id, game_line_series_id, game_type_id,
    channel_id, rebate_agent_id,
    third_order_no, settle_status,
    bet_amount, win_loss_amount, valid_bet_amount,
    extend_valid_bet_amount, extend_win_loss_amount,
    insurance_bet, insurance_win, take,
    bet_content, rebated, bet_game_type_id, batch_no, s_create_time
) VALUES
(994001, '2026-04-01 12:00:00.000000', '2026-04-01 12:00:00.000000', 0, 0, '2026-04-01 12:00:00.000000', '2026-04-01 12:05:00.000000', 980001, 990001, 990101, 880001, 'KB电子-01', 990051, 990041, 990031, 990011, 980031, 'BET-994001', 1, 500.0000, 50.0000, 500.0000, 0.0000, 0.0000, 0.0000, 0.0000, 0.0000, 'P01 D1', 0, 0, 'KB-B1', '2026-04-01 12:00:00.000000'),
(994002, '2026-04-02 13:00:00.000000', '2026-04-02 13:00:00.000000', 0, 0, '2026-04-02 13:00:00.000000', '2026-04-02 13:05:00.000000', 980001, 990001, 990101, 880002, 'KB体育-01', 990052, 990041, 990032, 990011, 980031, 'BET-994002', 1, 700.0000, 70.0000, 700.0000, 0.0000, 0.0000, 0.0000, 0.0000, 0.0000, 'P01 D2', 0, 0, 'KB-B2', '2026-04-02 13:00:00.000000'),
(994003, '2026-04-03 14:00:00.000000', '2026-04-03 14:00:00.000000', 0, 0, '2026-04-03 14:00:00.000000', '2026-04-03 14:05:00.000000', 980001, 990001, 990101, 880003, 'KB电子-02', 990051, 990041, 990031, 990011, 980031, 'BET-994003', 1, 600.0000, 60.0000, 600.0000, 0.0000, 0.0000, 0.0000, 0.0000, 0.0000, 'P01 D3', 0, 0, 'KB-B3', '2026-04-03 14:00:00.000000'),
(994004, '2026-04-04 15:00:00.000000', '2026-04-04 15:00:00.000000', 0, 0, '2026-04-04 15:00:00.000000', '2026-04-04 15:05:00.000000', 980001, 990001, 990101, 880004, 'KB体育-02', 990052, 990041, 990032, 990011, 980031, 'BET-994004', 1, 400.0000, 40.0000, 400.0000, 0.0000, 0.0000, 0.0000, 0.0000, 0.0000, 'P01 D4', 0, 0, 'KB-B4', '2026-04-04 15:00:00.000000'),
(994005, '2026-04-05 16:00:00.000000', '2026-04-05 16:00:00.000000', 0, 0, '2026-04-05 16:00:00.000000', '2026-04-05 16:05:00.000000', 980001, 990001, 990101, 880005, 'KB体育-03', 990052, 990041, 990032, 990011, 980031, 'BET-994005', 1, 300.0000, 30.0000, 300.0000, 0.0000, 0.0000, 0.0000, 0.0000, 0.0000, 'P01 D5', 0, 0, 'KB-B5', '2026-04-05 16:00:00.000000'),
(994006, '2026-04-06 17:00:00.000000', '2026-04-06 17:00:00.000000', 0, 0, '2026-04-06 17:00:00.000000', '2026-04-06 17:05:00.000000', 980001, 990001, 990101, 880006, 'KB电子-03', 990051, 990041, 990031, 990011, 980031, 'BET-994006', 1, 500.0000, 50.0000, 500.0000, 0.0000, 0.0000, 0.0000, 0.0000, 0.0000, 'P01 D6', 0, 0, 'KB-B6', '2026-04-06 17:00:00.000000'),
(994007, '2026-04-01 13:30:00.000000', '2026-04-01 13:30:00.000000', 0, 0, '2026-04-01 13:30:00.000000', '2026-04-01 13:35:00.000000', 980001, 990001, 990102, 880007, 'KB棋牌-01', 990053, 990041, 990033, 990011, 980031, 'BET-994007', 1, 800.0000, 60.0000, 800.0000, 0.0000, 0.0000, 0.0000, 0.0000, 0.0000, 'P02 D1', 0, 0, 'KB-B7', '2026-04-01 13:30:00.000000'),
(994008, '2026-04-03 13:30:00.000000', '2026-04-03 13:30:00.000000', 0, 0, '2026-04-03 13:30:00.000000', '2026-04-03 13:35:00.000000', 980001, 990001, 990102, 880008, 'KB棋牌-02', 990053, 990041, 990033, 990011, 980031, 'BET-994008', 1, 700.0000, 50.0000, 700.0000, 0.0000, 0.0000, 0.0000, 0.0000, 0.0000, 'P02 D3', 0, 0, 'KB-B8', '2026-04-03 13:30:00.000000'),
(994009, '2026-04-05 13:30:00.000000', '2026-04-05 13:30:00.000000', 0, 0, '2026-04-05 13:30:00.000000', '2026-04-05 13:35:00.000000', 980001, 990001, 990102, 880009, 'KB体育-04', 990052, 990041, 990032, 990011, 980031, 'BET-994009', 1, 1000.0000, 70.0000, 1000.0000, 0.0000, 0.0000, 0.0000, 0.0000, 0.0000, 'P02 D5', 0, 0, 'KB-B9', '2026-04-05 13:30:00.000000'),
(994010, '2026-04-02 15:00:00.000000', '2026-04-02 15:00:00.000000', 0, 0, '2026-04-02 15:00:00.000000', '2026-04-02 15:05:00.000000', 980001, 990001, 990103, 880010, 'KB体育-05', 990052, 990041, 990032, 990011, 980031, 'BET-994010', 1, 900.0000, 80.0000, 900.0000, 0.0000, 0.0000, 0.0000, 0.0000, 0.0000, 'P03 D2', 0, 0, 'KB-B10', '2026-04-02 15:00:00.000000'),
(994011, '2026-04-06 15:00:00.000000', '2026-04-06 15:00:00.000000', 0, 0, '2026-04-06 15:00:00.000000', '2026-04-06 15:05:00.000000', 980001, 990001, 990103, 880011, 'KB体育-06', 990052, 990041, 990032, 990011, 980031, 'BET-994011', 1, 600.0000, 40.0000, 600.0000, 0.0000, 0.0000, 0.0000, 0.0000, 0.0000, 'P03 D6', 0, 0, 'KB-B11', '2026-04-06 15:00:00.000000'),
(994012, '2026-04-02 17:00:00.000000', '2026-04-02 17:00:00.000000', 0, 0, '2026-04-02 17:00:00.000000', '2026-04-02 17:05:00.000000', 980001, 990001, 990104, 880012, 'KB电子-04', 990051, 990041, 990031, 990011, 980031, 'BET-994012', 1, 200.0000, -30.0000, 200.0000, 0.0000, 0.0000, 0.0000, 0.0000, 0.0000, 'P04 D2', 0, 0, 'KB-B12', '2026-04-02 17:00:00.000000'),
(994013, '2026-04-03 17:00:00.000000', '2026-04-03 17:00:00.000000', 0, 0, '2026-04-03 17:00:00.000000', '2026-04-03 17:05:00.000000', 980001, 990001, 990105, 880013, 'KB电子-05', 990051, 990041, 990031, 990011, 980031, 'BET-994013', 1, 100.0000, 10.0000, 100.0000, 0.0000, 0.0000, 0.0000, 0.0000, 0.0000, 'P05 D3', 0, 0, 'KB-B13', '2026-04-03 17:00:00.000000'),
(994014, '2026-04-01 12:30:00.000000', '2026-04-01 12:30:00.000000', 0, 0, '2026-04-01 12:30:00.000000', '2026-04-01 12:35:00.000000', 980001, 990001, 990107, 880014, 'KB体育-07', 990052, 990041, 990032, 990012, 980032, 'BET-994014', 1, 300.0000, 20.0000, 300.0000, 0.0000, 0.0000, 0.0000, 0.0000, 0.0000, 'P07 D1', 0, 0, 'KB-B14', '2026-04-01 12:30:00.000000'),
(994015, '2026-04-02 12:30:00.000000', '2026-04-02 12:30:00.000000', 0, 0, '2026-04-02 12:30:00.000000', '2026-04-02 12:35:00.000000', 980001, 990001, 990107, 880015, 'KB电子-06', 990051, 990041, 990031, 990012, 980032, 'BET-994015', 1, 200.0000, 10.0000, 200.0000, 0.0000, 0.0000, 0.0000, 0.0000, 0.0000, 'P07 D2', 0, 0, 'KB-B15', '2026-04-02 12:30:00.000000');

-- ============================================================
-- 7. 游戏类型明细表（与投注主表基本镜像）
-- ============================================================

INSERT INTO bds_bet_order_detail (
    id, create_time, modify_time, version, deleted,
    bet_time, settle_time,
    tenant_id, tenant_plat_id,
    player_id, game_id, game_name,
    game_line_id, game_line_series_id, game_type_id,
    channel_id, rebate_agent_id,
    third_order_no, settle_status,
    bet_amount, win_loss_amount, valid_bet_amount,
    bet_content, bet_game_type_id, source_type
) VALUES
(994001, '2026-04-01 12:00:00.000000', '2026-04-01 12:00:00.000000', 1, 0, '2026-04-01 12:00:00.000000', '2026-04-01 12:05:00.000000', 980001, 990001, 990101, 880001, 'KB电子-01', 990051, 990041, 990031, 990011, 980031, 'BET-994001', 1, 500.0000, 50.0000, 500.0000, 'P01 D1', 0, 1),
(994002, '2026-04-02 13:00:00.000000', '2026-04-02 13:00:00.000000', 1, 0, '2026-04-02 13:00:00.000000', '2026-04-02 13:05:00.000000', 980001, 990001, 990101, 880002, 'KB体育-01', 990052, 990041, 990032, 990011, 980031, 'BET-994002', 1, 700.0000, 70.0000, 700.0000, 'P01 D2', 0, 1),
(994003, '2026-04-03 14:00:00.000000', '2026-04-03 14:00:00.000000', 1, 0, '2026-04-03 14:00:00.000000', '2026-04-03 14:05:00.000000', 980001, 990001, 990101, 880003, 'KB电子-02', 990051, 990041, 990031, 990011, 980031, 'BET-994003', 1, 600.0000, 60.0000, 600.0000, 'P01 D3', 0, 1),
(994004, '2026-04-04 15:00:00.000000', '2026-04-04 15:00:00.000000', 1, 0, '2026-04-04 15:00:00.000000', '2026-04-04 15:05:00.000000', 980001, 990001, 990101, 880004, 'KB体育-02', 990052, 990041, 990032, 990011, 980031, 'BET-994004', 1, 400.0000, 40.0000, 400.0000, 'P01 D4', 0, 1),
(994005, '2026-04-05 16:00:00.000000', '2026-04-05 16:00:00.000000', 1, 0, '2026-04-05 16:00:00.000000', '2026-04-05 16:05:00.000000', 980001, 990001, 990101, 880005, 'KB体育-03', 990052, 990041, 990032, 990011, 980031, 'BET-994005', 1, 300.0000, 30.0000, 300.0000, 'P01 D5', 0, 1),
(994006, '2026-04-06 17:00:00.000000', '2026-04-06 17:00:00.000000', 1, 0, '2026-04-06 17:00:00.000000', '2026-04-06 17:05:00.000000', 980001, 990001, 990101, 880006, 'KB电子-03', 990051, 990041, 990031, 990011, 980031, 'BET-994006', 1, 500.0000, 50.0000, 500.0000, 'P01 D6', 0, 1),
(994007, '2026-04-01 13:30:00.000000', '2026-04-01 13:30:00.000000', 1, 0, '2026-04-01 13:30:00.000000', '2026-04-01 13:35:00.000000', 980001, 990001, 990102, 880007, 'KB棋牌-01', 990053, 990041, 990033, 990011, 980031, 'BET-994007', 1, 800.0000, 60.0000, 800.0000, 'P02 D1', 0, 1),
(994008, '2026-04-03 13:30:00.000000', '2026-04-03 13:30:00.000000', 1, 0, '2026-04-03 13:30:00.000000', '2026-04-03 13:35:00.000000', 980001, 990001, 990102, 880008, 'KB棋牌-02', 990053, 990041, 990033, 990011, 980031, 'BET-994008', 1, 700.0000, 50.0000, 700.0000, 'P02 D3', 0, 1),
(994009, '2026-04-05 13:30:00.000000', '2026-04-05 13:30:00.000000', 1, 0, '2026-04-05 13:30:00.000000', '2026-04-05 13:35:00.000000', 980001, 990001, 990102, 880009, 'KB体育-04', 990052, 990041, 990032, 990011, 980031, 'BET-994009', 1, 1000.0000, 70.0000, 1000.0000, 'P02 D5', 0, 1),
(994010, '2026-04-02 15:00:00.000000', '2026-04-02 15:00:00.000000', 1, 0, '2026-04-02 15:00:00.000000', '2026-04-02 15:05:00.000000', 980001, 990001, 990103, 880010, 'KB体育-05', 990052, 990041, 990032, 990011, 980031, 'BET-994010', 1, 900.0000, 80.0000, 900.0000, 'P03 D2', 0, 1),
(994011, '2026-04-06 15:00:00.000000', '2026-04-06 15:00:00.000000', 1, 0, '2026-04-06 15:00:00.000000', '2026-04-06 15:05:00.000000', 980001, 990001, 990103, 880011, 'KB体育-06', 990052, 990041, 990032, 990011, 980031, 'BET-994011', 1, 600.0000, 40.0000, 600.0000, 'P03 D6', 0, 1),
(994012, '2026-04-02 17:00:00.000000', '2026-04-02 17:00:00.000000', 1, 0, '2026-04-02 17:00:00.000000', '2026-04-02 17:05:00.000000', 980001, 990001, 990104, 880012, 'KB电子-04', 990051, 990041, 990031, 990011, 980031, 'BET-994012', 1, 200.0000, -30.0000, 200.0000, 'P04 D2', 0, 1),
(994013, '2026-04-03 17:00:00.000000', '2026-04-03 17:00:00.000000', 1, 0, '2026-04-03 17:00:00.000000', '2026-04-03 17:05:00.000000', 980001, 990001, 990105, 880013, 'KB电子-05', 990051, 990041, 990031, 990011, 980031, 'BET-994013', 1, 100.0000, 10.0000, 100.0000, 'P05 D3', 0, 1),
(994014, '2026-04-01 12:30:00.000000', '2026-04-01 12:30:00.000000', 1, 0, '2026-04-01 12:30:00.000000', '2026-04-01 12:35:00.000000', 980001, 990001, 990107, 880014, 'KB体育-07', 990052, 990041, 990032, 990012, 980032, 'BET-994014', 1, 300.0000, 20.0000, 300.0000, 'P07 D1', 0, 1),
(994015, '2026-04-02 12:30:00.000000', '2026-04-02 12:30:00.000000', 1, 0, '2026-04-02 12:30:00.000000', '2026-04-02 12:35:00.000000', 980001, 990001, 990107, 880015, 'KB电子-06', 990051, 990041, 990031, 990012, 980032, 'BET-994015', 1, 200.0000, 10.0000, 200.0000, 'P07 D2', 0, 1);

-- ============================================================
-- 8. 洗码 / 任务 / 活动 / 推广 / 优惠加扣款 / 彩票 / VIP奖励
-- ============================================================

INSERT INTO dwd_order_rebate (
    id, create_time, modify_time, version, deleted,
    auditor_id, tenant_id, tenant_plat_id,
    player_id, player_username,
    status, amount, channel_id,
    biz_date, bet_num, bet_amount, valid_bet_amount, win_amount,
    order_agent_rebate_id, vip_id,
    operate_remark, amount_before, amount_after,
    rebate_bet_amount, type, rebate_type,
    receive_ip, receive_time,
    start_time, end_time, s_create_time
) VALUES
(995001, '2026-04-02 19:00:00.000000', '2026-04-02 19:00:00.000000', 0, 0, 980002, 980001, 990001, 990101, 'kb_p01', 1, 5.0000, 990011, '2026-04-02', 1, 700.0000, 700.0000, 70.0000, 0, 1, 'P01 洗码', 690.0000, 695.0000, 700.0000, 0, 0, '10.0.0.1', '2026-04-02 19:00:00.000000', '2026-04-02 00:00:00.000000', '2026-04-02 23:59:59.000000', '2026-04-02 19:00:00'),
(995002, '2026-04-03 19:00:00.000000', '2026-04-03 19:00:00.000000', 0, 0, 980002, 980001, 990001, 990102, 'kb_p02', 1, 10.0000, 990011, '2026-04-03', 1, 700.0000, 700.0000, 50.0000, 0, 1, 'P02 洗码', 320.0000, 330.0000, 700.0000, 0, 0, '10.0.0.2', '2026-04-03 19:00:00.000000', '2026-04-03 00:00:00.000000', '2026-04-03 23:59:59.000000', '2026-04-03 19:00:00');

INSERT INTO dwd_order_task (
    id, create_time, modify_time, version, deleted,
    tenant_id, tenant_plat_id,
    player_id, player_username,
    status, amount, channel_id,
    receive_time, amount_before, amount_after,
    operate_remark, task_id, task_type_id, award_send_type, task_type,
    receive_ip, stage_id,
    auditor_id, audit_time, audit_remark,
    receive_end_time, second_auditor_id, second_audit_time, second_audit_remark,
    activity_extent, s_create_time
) VALUES
(996001, '2026-04-03 20:00:00.000000', '2026-04-03 20:00:00.000000', 0, 0, 980001, 990001, 990101, 'kb_p01', 2, 8.0000, 990011, '2026-04-03 20:00:00.000000', 695.0000, 703.0000, 'P01 任务彩金', 7001, 7001, 1, 1, '10.0.0.1', 1, 980002, '2026-04-03 20:00:00.000000', 'pass', '2026-04-10 23:59:59.000000', 980003, '2026-04-03 20:05:00.000000', 'pass', 0, '2026-04-03 20:00:00');

INSERT INTO dwd_order_activity (
    id, create_time, modify_time, version, deleted,
    tenant_id, tenant_plat_id,
    player_id, player_username,
    status, amount, channel_id,
    activity_id, activity_name, activity_type_id,
    award_id, award_type_id,
    sender_id, sender_username,
    send_time, remark,
    player_delivery_address_id, sys_flag,
    related_order_id, related_third_sub_order_no, related_order_type,
    award_type, operate_remark,
    amount_before, amount_after,
    award_send_type, task_type,
    receive_ip, receive_time,
    stage_id, auditor_id, audit_time,
    receive_end_time, second_auditor_id, second_audit_time, second_audit_remark,
    activity_award_sub_type, cycle_award_rounds, s_create_time
) VALUES
(997001, '2026-04-02 20:00:00.000000', '2026-04-02 20:00:00.000000', 0, 0, 980001, 990001, 990101, 'kb_p01', 2, 20.0000, 990011, 7101, '首存活动', 1, 7201, 1, 980001, 'kb_admin', '2026-04-02 19:55:00.000000', 'P01 活动彩金', 0, 1, 0, '', 0, 1, 'seed', 675.0000, 695.0000, 1, 0, '10.0.0.1', '2026-04-02 20:00:00.000000', 1, 980002, '2026-04-02 20:00:00.000000', '2026-04-10 23:59:59.000000', 980003, '2026-04-02 20:05:00.000000', 'pass', 0, 0, '2026-04-02 20:00:00');

INSERT INTO dwd_order_promote_activity (
    id, create_time, modify_time, version, deleted,
    tenant_id, tenant_plat_id,
    player_id, player_username,
    status, amount, channel_id,
    amount_before, amount_after,
    operate_remark, sender_id, promote_type, award_type,
    send_time, promote_activity_id, s_create_time
) VALUES
(998001, '2026-04-04 20:00:00.000000', '2026-04-04 20:00:00.000000', 0, 0, 980001, 990001, 990102, 'kb_p02', 1, 15.0000, 990011, 300.0000, 315.0000, 'P02 推广活动奖励', 980001, 1, 1, '2026-04-04 20:00:00.000000', 7301, '2026-04-04 20:00:00');

INSERT INTO dwd_order_add_or_sub (
    id, create_time, modify_time, version, deleted,
    creator_id, auditor_id,
    tenant_id, tenant_plat_id,
    player_id, player_username,
    status, amount, channel_id,
    add_flag, follower_id,
    add_or_sub_type_id, add_or_sub_type_name,
    add_or_sub_kind_type_id, add_or_sub_kind_type_name,
    remark, audit_remark, operate_remark,
    amount_before, amount_after,
    related_order_id, withdrawal_audit_amount, front_remark, s_create_time
) VALUES
(999001, '2026-04-03 21:00:00.000000', '2026-04-03 21:00:00.000000', 0, 0, 980001, 980002, 980001, 990001, 990101, 'kb_p01', 2, 12.0000, 990011, 1, 0, 1207, '优惠加款', 120701, '优惠加款二级', 'P01 优惠加款', 'pass', 'seed', 703.0000, 715.0000, 0, 0.0000, 'kb-front', '2026-04-03 21:00:00'),
(999002, '2026-04-05 21:00:00.000000', '2026-04-05 21:00:00.000000', 0, 0, 980001, 980002, 980001, 990001, 990102, 'kb_p02', 2, 6.0000, 990011, 2, 0, 2204, '优惠扣款', 220401, '优惠扣款二级', 'P02 优惠扣款', 'pass', 'seed', 315.0000, 309.0000, 0, 0.0000, 'kb-front', '2026-04-05 21:00:00');

INSERT INTO dwd_order_lottery (
    id, create_time, modify_time, version, deleted,
    channel_id, tenant_id, tenant_plat_id,
    player_id, player_username,
    promote_activity_id, order_deposit_id,
    lottery_numbers, issue_id, win_lottery,
    amount, awards, pay_type_id, status,
    delivery_time, amount_before, amount_after, s_create_time
) VALUES
(999101, '2026-04-02 21:00:00.000000', '2026-04-02 21:00:00.000000', 0, 0, 990011, 980001, 990001, 990101, 'kb_p01', 7301, 992001, '08,16,32', 1, 1, 10.0000, 1, 1, 2, '2026-04-02 21:00:00.000000', 695.0000, 705.0000, '2026-04-02 21:00:00');

INSERT INTO dwd_order_vip_award (
    id, create_time, modify_time, version, deleted,
    tenant_id, tenant_plat_id,
    player_id, player_username,
    status, amount, channel_id,
    operate_remark, amount_before, amount_after,
    type, vip_id, year, stage_num, s_create_time
) VALUES
(999201, '2026-04-02 22:00:00.000000', '2026-04-02 22:00:00.000000', 1, 0, 980001, 990001, 990101, 'kb_p01', 2, 30.0000, 990011, 'P01 VIP奖励', 705.0000, 735.0000, 1, 1, 2026, 1, '2026-04-02 22:00:00');

COMMIT;
